USE detran_final;

-- 1. CATEGORIA
INSERT INTO CATEGORIA (cod_categoria, nome) VALUES
(01, 'AUTOMOVEL'), (02, 'MOTOCICLETA'), (03, 'CAMINHAO'), (04, 'ONIBUS'), (05, 'CAMINHONETE');

-- 2. MODELO
INSERT INTO MODELO (cod_modelo, nome) VALUES
(100001, 'GOL MI'), (100002, 'UNO CS'), (100003, 'PALIO WEEKEND'), (100004, 'HONDA CIVIC'), (100005, 'CG 150 TITAN');

-- 3. PROPRIETARIO
INSERT INTO PROPRIETARIO (cpf, nome, endereco, bairro, cidade, estado, sexo, data_nascimento, idade, telefone) VALUES
('11122233344', 'JOAO SILVA', 'RUA A, 10', 'CENTRO', 'SAO PAULO', 'SP', 'M', '1980-05-10', 44, '11988887777'),
('22233344455', 'MARIA SOUZA', 'AV B, 20', 'LAPA', 'RIO DE JANEIRO', 'RJ', 'F', '1992-11-30', 31, '21977776666'),
('33344455566', 'CARLOS PEREIRA', 'RUA C, 30', 'SAVASSI', 'BELO HORIZONTE', 'MG', 'M', '1975-01-15', 49, '31966665555'),
('44455566677', 'ANA FERREIRA', 'AV D, 40', 'BOA VIAGEM', 'RECIFE', 'PE', 'F', '2000-07-20', 24, '81955554444'),
('55566677788', 'PAULO COSTA', 'RUA E, 50', 'CENTRO', 'SAO PAULO', 'SP', 'M', '1988-03-12', 36, '11944443333');

-- 4. VEICULO
INSERT INTO VEICULO (placa, chassi, cor_predominante, ano_fabricacao, cod_categoria, cod_modelo, cpf_proprietario) VALUES
('ABC1234', '9BWZSS807VT123456', 'PRATA', 2010, 01, 100001, '11122233344'),
('DEF5678', '9BDMNS458YT654321', 'VERMELHO', 2005, 01, 100002, '22233344455'),
('GHI9012', '9BWPAL123KL987654', 'PRETO', 2018, 01, 100003, '11122233344'),
('JKL3456', '9BWHONDA456OP45678', 'BRANCO', 2022, 01, 100004, '33344455566'),
('MNO7890', '9BWHCG150ZX789123', 'AZUL', 2019, 02, 100005, '44455566677');

-- 5. AGENTE
INSERT INTO AGENTE (matricula, nome, data_contratacao, tempo_servico) VALUES
(9001, 'AGENTE CARVALHO', '2010-02-01', 177), (9002, 'AGENTE BEZERRA', '2015-06-15', 112), (9003, 'AGENTE SANTOS', '2020-01-10', 57), (9004, 'AGENTE OLIVEIRA', '2008-11-01', 204), (9005, 'AGENTE LIMA', '2022-03-20', 31);

-- 6. LOCAL
INSERT INTO LOCAL (latitude, longitude, velocidade_permitida) VALUES
(-23.550520, -46.633308, 60), (-22.906847, -43.172896, 50), (-19.916681, -43.934492, 60), (-8.063169, -34.870941, 60), (-23.561494, -46.655909, 50);

-- 7. TIPO_INFRACAO
INSERT INTO TIPO_INFRACAO (cod_tipo_infracao, descricao, valor) VALUES
(74550, 'AVANCAR SINAL VERMELHO', 293.47), (74630, 'PARAR SOBRE A FAIXA DE PEDESTRES', 195.23), (74551, 'EXCESSO DE VELOCIDADE ATE 20%', 130.16), (58196, 'DIRIGIR USANDO CELULAR', 293.47), (50100, 'ESTACIONAR EM LOCAL PROIBIDO', 195.23);

-- 8. INFRACAO
-- *** INSERINDO O CHASSI_VEICULO ***
INSERT INTO INFRACAO (data_hora, velocidade_aferida, chassi_veiculo, cod_tipo_infracao, matricula_agente, latitude_local, longitude_local) VALUES
('2024-10-01 08:30:15', 0, '9BWZSS807VT123456', 74550, 9001, -23.550520, -46.633308),
('2024-10-02 14:10:00', 0, '9BDMNS458YT654321', 74630, 9002, -22.906847, -43.172896),
('2024-10-03 17:45:20', 70, '9BWPAL123KL987654', 74551, 9003, -19.916681, -43.934492),
('2024-10-04 10:05:00', 0, '9BWHONDA456OP45678', 58196, 9001, -8.063169, -34.870941),
('2024-10-05 22:15:00', 65, '9BWHCG150ZX789123', 74551, 9005, -23.561494, -46.655909);
